{
    "epoch": 3.0,
    "total_flos": 2.344267665998217e+18,
    "train_loss": 1.9365708794758258,
    "train_runtime": 41824.2618,
    "train_samples_per_second": 18.535,
    "train_steps_per_second": 1.158
}