{
    "epoch": 3.0,
    "eval_loss": 2.3148033618927,
    "eval_runtime": 1.7631,
    "eval_samples_per_second": 56.717,
    "eval_steps_per_second": 14.179,
    "total_flos": 8164970172383232.0,
    "train_loss": 1.1172447706523694,
    "train_runtime": 151.6839,
    "train_samples_per_second": 17.8,
    "train_steps_per_second": 1.127
}